{
  "HTTP Request - Contact Page-0" : {
    "transaction" : "HTTP Request - Contact Page-0",
    "sampleCount" : 2104,
    "errorCount" : 0,
    "errorPct" : 0.0,
    "meanResTime" : 73.89258555133071,
    "medianResTime" : 63.0,
    "minResTime" : 43.0,
    "maxResTime" : 1395.0,
    "pct1ResTime" : 96.0,
    "pct2ResTime" : 118.0,
    "pct3ResTime" : 297.449999999998,
    "throughput" : 35.67310952865378,
    "receivedKBytesPerSec" : 64.63439672346558,
    "sentKBytesPerSec" : 7.211263351983724
  },
  "HTTP Request - Contact Page-1" : {
    "transaction" : "HTTP Request - Contact Page-1",
    "sampleCount" : 2104,
    "errorCount" : 1,
    "errorPct" : 0.047528517,
    "meanResTime" : 156.66730038022823,
    "medianResTime" : 140.0,
    "minResTime" : 59.0,
    "maxResTime" : 2131.0,
    "pct1ResTime" : 205.0,
    "pct2ResTime" : 266.75,
    "pct3ResTime" : 617.9499999999998,
    "throughput" : 35.77987891980138,
    "receivedKBytesPerSec" : 3222.504494539062,
    "sentKBytesPerSec" : 7.197905329569417
  },
  "HTTP Request - Random Article" : {
    "transaction" : "HTTP Request - Random Article",
    "sampleCount" : 150,
    "errorCount" : 108,
    "errorPct" : 72.0,
    "meanResTime" : 613.6466666666666,
    "medianResTime" : 386.5,
    "minResTime" : 92.0,
    "maxResTime" : 3454.0,
    "pct1ResTime" : 1502.9,
    "pct2ResTime" : 1743.4499999999998,
    "pct3ResTime" : 3321.4000000000024,
    "throughput" : 4.709724010173004,
    "receivedKBytesPerSec" : 164.98402373308423,
    "sentKBytesPerSec" : 2.290072637680932
  },
  "HTTP Request - About Wikipedia-1" : {
    "transaction" : "HTTP Request - About Wikipedia-1",
    "sampleCount" : 2117,
    "errorCount" : 3,
    "errorPct" : 0.14170997,
    "meanResTime" : 212.82805857345318,
    "medianResTime" : 192.0,
    "minResTime" : 47.0,
    "maxResTime" : 2634.0,
    "pct1ResTime" : 291.0,
    "pct2ResTime" : 394.59999999999945,
    "pct3ResTime" : 747.0,
    "throughput" : 35.47133138969873,
    "receivedKBytesPerSec" : 5416.625056157007,
    "sentKBytesPerSec" : 6.962634384110787
  },
  "HTTP Request - About Wikipedia-0" : {
    "transaction" : "HTTP Request - About Wikipedia-0",
    "sampleCount" : 2117,
    "errorCount" : 0,
    "errorPct" : 0.0,
    "meanResTime" : 80.63863958431763,
    "medianResTime" : 64.0,
    "minResTime" : 43.0,
    "maxResTime" : 5260.0,
    "pct1ResTime" : 99.0,
    "pct2ResTime" : 136.0999999999999,
    "pct3ResTime" : 408.4800000000023,
    "throughput" : 35.27216381479198,
    "receivedKBytesPerSec" : 63.56449038533631,
    "sentKBytesPerSec" : 6.957985440027325
  },
  "Total" : {
    "transaction" : "Total",
    "sampleCount" : 13383,
    "errorCount" : 224,
    "errorPct" : 1.6737652,
    "meanResTime" : 183.12777404169512,
    "medianResTime" : 158.0,
    "minResTime" : 43.0,
    "maxResTime" : 5479.0,
    "pct1ResTime" : 297.0,
    "pct2ResTime" : 408.0,
    "pct3ResTime" : 845.0,
    "throughput" : 222.29789213162135,
    "receivedKBytesPerSec" : 18098.059637808747,
    "sentKBytesPerSec" : 58.88248664933641
  },
  "HTTP Request - Homepage" : {
    "transaction" : "HTTP Request - Homepage",
    "sampleCount" : 200,
    "errorCount" : 0,
    "errorPct" : 0.0,
    "meanResTime" : 268.97500000000014,
    "medianResTime" : 167.5,
    "minResTime" : 77.0,
    "maxResTime" : 1176.0,
    "pct1ResTime" : 534.7,
    "pct2ResTime" : 623.8,
    "pct3ResTime" : 1113.800000000001,
    "throughput" : 6.412928463782987,
    "receivedKBytesPerSec" : 1226.5226697021194,
    "sentKBytesPerSec" : 1.1397978324301792
  },
  "HTTP Request - Contact Page" : {
    "transaction" : "HTTP Request - Contact Page",
    "sampleCount" : 2104,
    "errorCount" : 1,
    "errorPct" : 0.047528517,
    "meanResTime" : 230.6135931558938,
    "medianResTime" : 209.0,
    "minResTime" : 106.0,
    "maxResTime" : 2229.0,
    "pct1ResTime" : 295.0,
    "pct2ResTime" : 391.5,
    "pct3ResTime" : 750.6499999999987,
    "throughput" : 35.60971481763561,
    "receivedKBytesPerSec" : 3271.6982485508165,
    "sentKBytesPerSec" : 14.362121308284674
  },
  "HTTP Request - Random Article-0" : {
    "transaction" : "HTTP Request - Random Article-0",
    "sampleCount" : 150,
    "errorCount" : 0,
    "errorPct" : 0.0,
    "meanResTime" : 78.6066666666667,
    "medianResTime" : 64.0,
    "minResTime" : 44.0,
    "maxResTime" : 513.0,
    "pct1ResTime" : 103.70000000000002,
    "pct2ResTime" : 164.29999999999984,
    "pct3ResTime" : 502.2900000000002,
    "throughput" : 4.876304411430057,
    "receivedKBytesPerSec" : 8.770998585871721,
    "sentKBytesPerSec" : 0.9571652213842203
  },
  "HTTP Request - About Wikipedia" : {
    "transaction" : "HTTP Request - About Wikipedia",
    "sampleCount" : 2117,
    "errorCount" : 3,
    "errorPct" : 0.14170997,
    "meanResTime" : 293.5115729806329,
    "medianResTime" : 263.0,
    "minResTime" : 114.0,
    "maxResTime" : 5479.0,
    "pct1ResTime" : 390.0,
    "pct2ResTime" : 535.4999999999995,
    "pct3ResTime" : 1007.6000000000049,
    "throughput" : 35.16436058003754,
    "receivedKBytesPerSec" : 5433.119508164044,
    "sentKBytesPerSec" : 13.839098939213992
  },
  "HTTP Request - Random Article-1" : {
    "transaction" : "HTTP Request - Random Article-1",
    "sampleCount" : 150,
    "errorCount" : 80,
    "errorPct" : 53.333332,
    "meanResTime" : 280.6066666666667,
    "medianResTime" : 240.0,
    "minResTime" : 44.0,
    "maxResTime" : 2434.0,
    "pct1ResTime" : 498.1,
    "pct2ResTime" : 781.499999999999,
    "pct3ResTime" : 1932.160000000009,
    "throughput" : 4.864286409183773,
    "receivedKBytesPerSec" : 11.071951916528846,
    "sentKBytesPerSec" : 0.9500559392937056
  },
  "HTTP Request - Random Article-2" : {
    "transaction" : "HTTP Request - Random Article-2",
    "sampleCount" : 70,
    "errorCount" : 28,
    "errorPct" : 40.0,
    "meanResTime" : 544.757142857143,
    "medianResTime" : 434.0,
    "minResTime" : 48.0,
    "maxResTime" : 2970.0,
    "pct1ResTime" : 1254.3999999999999,
    "pct2ResTime" : 1838.0500000000004,
    "pct3ResTime" : 2970.0,
    "throughput" : 2.248057036418524,
    "receivedKBytesPerSec" : 149.1215140061982,
    "sentKBytesPerSec" : 0.45591525025692076
  }
}